Kategorie,Name DE,Name EN,COâ‚‚ / 1.6FU (ohne Flug),kg CO2 / kg (ohne Flug),CO2 Base Value [g],Summe Transport fÃ¼r 1.6 FU,CO2 Land Transport [g],CO2 Sea Transport [g],CO2 Air Transport [g],Food Unit,Energy [kcal],kcal fÃ¼r 1.6FU,Gewicht fÃ¼r 1.6 FU,Name FR
vegetables & mushrooms,"Pepper, sweet, red, raw","Pepper, sweet, red, raw",,1.02,,,,,,,,,,
vegetables & mushrooms,"Tomato, ripe, raw, origin unknown","Tomato, ripe, raw, origin unknown",,0.7,,,,,,,,,,
vegetables & mushrooms,"Squash, raw","Squash, raw",,0.83,,,,,,,,,,
vegetables & mushrooms,"Aubergine, raw","Aubergine, raw",,0.97,,,,,,,,,,
spices & condiments,"Tomato, dried","Tomato, dried",,1.95,,,,,,,,,,
vegetables & mushrooms,"Pumpkin, raw","Pumpkin, raw",,0.83,,,,,,,,,,
vegetables & mushrooms,"Cucumber, raw","Cucumber, raw",,0.56,,,,,,,,,,
vegetables & mushrooms,"Gherkin cucumber, raw","Gherkin cucumber, raw",,0.56,,,,,,,,,,
vegetables & mushrooms,"Pepper, hot chili, raw","Pepper, hot chili, raw",,1.02,,,,,,,,,,
meat,"Beef, topside, cap off, raw","Beef, topside, cap off, raw",,45.69,,,,,,,,,,
meat,"Beef, fillet, defatted, raw","Beef, fillet, defatted, raw",,151.95,,,,,,,,,,
meat,"Beef, mince, 10-15% fat, raw","Beef, mince, 10-15% fat, raw",,32.51,,,,,,,,,,
meat,"Beef, rump, raw","Beef, rump, raw",,45.69,,,,,,,,,,
meat,"Beef, mince, 15-20% fat, raw","Beef, mince, 15-20% fat, raw",,30.84,,,,,,,,,,
meat,"Beef, T-bone steak, raw","Beef, T-bone steak, raw",,80.89,,,,,,,,,,
meat,"Beef, mince, 5-10% fat, raw","Beef, mince, 5-10% fat, raw",,34.19,,,,,,,,,,
beverages,"Beer, lager, alc. 4.4 % by vol.","Beer, lager, alc. 4.4 % by vol.",,0.6,,,,,,,,,,
beverages,"Beer, Danish household, low alcohol","Beer, Danish household, low alcohol",,0.6,,,,,,,,,,
beverages,"Beer, strong, alc. 7.6 % by vol.","Beer, strong, alc. 7.6 % by vol.",,0.6,,,,,,,,,,
starches & bread,"Biscuit, sweet","Biscuit, sweet",,2.75,,,,,,,,,,
starches & bread,"Biscuit, wholemeal, digestive type","Biscuit, wholemeal, digestive type",,2.73,,,,,,,,,,
starches & bread,"Butter cookie, wheat, Danish, industrially produced","Butter cookie, wheat, Danish, industrially produced",,2.98,,,,,,,,,,
starches & bread,American inspired cookie,American inspired cookie,,2.73,,,,,,,,,,
starches & bread,Granola bar,Granola bar,,2.88,,,,,,,,,,
starches & bread,Wafer sticks,Wafer sticks,,2.1,,,,,,,,,,
starches & bread,Bread-crumbs,Bread-crumbs,,1.26,,,,,,,,,,
starches & bread,"Crispbread, knackebrot, rye, coarse","Crispbread, knackebrot, rye, coarse",,1.08,,,,,,,,,,
starches & bread,"Wheat bread, for toasting, industrially produced","Wheat bread, for toasting, industrially produced",,0.74,,,,,,,,,,
starches & bread,"Bread, white, for sausages","Bread, white, for sausages",,0.74,,,,,,,,,,
starches & bread,"Bread, white, roll, coarse grain","Bread, white, roll, coarse grain",,0.74,,,,,,,,,,
starches & bread,"Rye bread, dark, whole grains, industrially produced","Rye bread, dark, whole grains, industrially produced",,0.62,,,,,,,,,,
starches & bread,"Rye bread crumbs with brown sugar, average values","Rye bread crumbs with brown sugar, average values",,1.56,,,,,,,,,,
starches & bread,"Corn flakes, average values","Corn flakes, average values",,1.51,,,,,,,,,,
starches & bread,"Breakfast cereal, mŸsli, average values","Breakfast cereal, mŸsli, average values",,1.76,,,,,,,,,,
starches & bread,"Breakfast cereal, Guldkorn","Breakfast cereal, Guldkorn",,2.12,,,,,,,,,,
starches & bread,"Breakfast cereal, Havrefras","Breakfast cereal, Havrefras",,1.7,,,,,,,,,,
diary & eggs,"Butter, salt added","Butter, salt added",,3.92,,,,,,,,,,
diary & eggs,"Blended spread, 75% fat","Blended spread, 75% fat",,3.8,,,,,,,,,,
starches & bread,"Plain cake, chocolate cake","Plain cake, chocolate cake",,2.15,,,,,,,,,,
starches & bread,"Danish pastry, kanelsnegl","Danish pastry, kanelsnegl",,1.77,,,,,,,,,,
starches & bread,"Plain cake, average values","Plain cake, average values",,2.15,,,,,,,,,,
starches & bread,"Cream pastry, layer cake","Cream pastry, layer cake",,2.15,,,,,,,,,,
starches & bread,"Cookie, truffle product / unbaked, industrially produced","Cookie, truffle product / unbaked, industrially produced",,2.63,,,,,,,,,,
meat,"Bacon, frying, raw","Bacon, frying, raw",,4.8,,,,,,,,,,
meat,"Sausage, salami","Sausage, salami",,5.06,,,,,,,,,,
meat,"Pork, ham, boiled, sliced","Pork, ham, boiled, sliced",,3.38,,,,,,,,,,
meat,"Roastbeef, sliced","Roastbeef, sliced",,45.84,,,,,,,,,,
meat,"Pork, sausage, Danish, raw","Pork, sausage, Danish, raw",,2.21,,,,,,,,,,
meat,"Pork, liver paste, Danish","Pork, liver paste, Danish",,3.51,,,,,,,,,,
meat,"Pork, flank, spiced, cooked","Pork, flank, spiced, cooked",,3.38,,,,,,,,,,
meat,Pork sausage,Pork sausage,,1.81,,,,,,,,,,
meat,"Chicken, breast, boiled, sliced","Chicken, breast, boiled, sliced",,3.25,,,,,,,,,,
meat,"Chicken, leg, flesh and skin, raw","Chicken, leg, flesh and skin, raw",,1.39,,,,,,,,,,
meat,"Chicken, drumstick, flesh and skin, raw","Chicken, drumstick, flesh and skin, raw",,1.32,,,,,,,,,,
meat,"Chicken, breast, flesh and skin, raw","Chicken, breast, flesh and skin, raw",,3.44,,,,,,,,,,
meat,"Chicken, sausage","Chicken, sausage",,1.44,,,,,,,,,,
meat,"Chicken, hen, flesh and skin, raw","Chicken, hen, flesh and skin, raw",,2.22,,,,,,,,,,
beverages,"Tea, leaves","Tea, leaves",,8.41,,,,,,,,,,
beverages,"Coffee, instant, powder","Coffee, instant, powder",,10.11,,,,,,,,,,
beverages,"Coffee bean, roasted, ground","Coffee bean, roasted, ground",,10.11,,,,,,,,,,
beverages,"Cocoa, instant, without milk, powder","Cocoa, instant, without milk, powder",,4.98,,,,,,,,,,
spices & condiments,"Cocoa, powder","Cocoa, powder",,4.98,,,,,,,,,,
meat,"Lamb, flank, spiced, cooked","Lamb, flank, spiced, cooked",,24.75,,,,,,,,,,
meat,"Sausage, beef salami","Sausage, beef salami",,34.11,,,,,,,,,,
meat,"Pork, saddle, smoked, boiled","Pork, saddle, smoked, boiled",,3.38,,,,,,,,,,
spices & condiments,"Salad dressing, oil and vinegar","Salad dressing, oil and vinegar",,4.02,,,,,,,,,,
spices & condiments,"Salad dressing, thousand island","Salad dressing, thousand island",,4.86,,,,,,,,,,
beverages,"Water, tap, drinking, average values","Water, tap, drinking, average values",,0,,,,,,,,,,
meat,"Duck, flesh only, raw","Duck, flesh only, raw",,2.27,,,,,,,,,,
meat,"Goose, flesh only, raw","Goose, flesh only, raw",,2.27,,,,,,,,,,
spices & condiments,Mackerel mayonnaise salad,Mackerel mayonnaise salad,,4.18,,,,,,,,,,
spices & condiments,Sauce gravad lax,Sauce gravad lax,,2.03,,,,,,,,,,
spices & condiments,Italian mayonnaise salad,Italian mayonnaise salad,,3.55,,,,,,,,,,
spices & condiments,Curry mayonnaise salad,Curry mayonnaise salad,,3.55,,,,,,,,,,
diary & eggs,"Yogurt plain, whole milk","Yogurt plain, whole milk",,1.08,,,,,,,,,,
diary & eggs,"Cream, cultured, 18 % fat","Cream, cultured, 18 % fat",,2.02,,,,,,,,,,
diary & eggs,"Skyr, 0.2 % fat","Skyr, 0.2 % fat",,1.25,,,,,,,,,,
diary & eggs,"Cheese, firm, Danbo, 45 % fidm.","Cheese, firm, Danbo, 45 % fidm.",,7.72,,,,,,,,,,
diary & eggs,"Cheese, hard, Parmesan, 32 % fidm.","Cheese, hard, Parmesan, 32 % fidm.",,7.72,,,,,,,,,,
diary & eggs,"Cheese, semihard, Mozzarella, 30 % fidm.","Cheese, semihard, Mozzarella, 30 % fidm.",,7.72,,,,,,,,,,
fish & seafood,"Herring, pickled, canned","Herring, pickled, canned",,2.83,,,,,,,,,,
fish & seafood,"Fish balls, canned","Fish balls, canned",,5.74,,,,,,,,,,
fish & seafood,"Fish pudding, raw","Fish pudding, raw",,8,,,,,,,,,,
fish & seafood,"Cod, liver, canned","Cod, liver, canned",,16.72,,,,,,,,,,
fish & seafood,"Cod, roe, canned","Cod, roe, canned",,11.36,,,,,,,,,,
fish & seafood,"Shrimps, canned","Shrimps, canned",,11.89,,,,,,,,,,
fish & seafood,"Cod, fillet, breaded, raw","Cod, fillet, breaded, raw",,6.63,,,,,,,,,,
fish & seafood,"Caviar, Danish (roe, lump-sucker)","Caviar, Danish (roe, lump-sucker)",,11.33,,,,,,,,,,
fish & seafood,"Fish cake, fried","Fish cake, fried",,10.28,,,,,,,,,,
fish & seafood,"Cod, liver, smoked","Cod, liver, smoked",,12.54,,,,,,,,,,
fish & seafood,"Cod, liver, raw","Cod, liver, raw",,9.92,,,,,,,,,,
fish & seafood,"Lobster, canned","Lobster, canned",,9.85,,,,,,,,,,
fish & seafood,"Mussels, in water, canned","Mussels, in water, canned",,1.77,,,,,,,,,,
fish & seafood,"Tuna, in tomato sauce, canned","Tuna, in tomato sauce, canned",,9.15,,,,,,,,,,
fish & seafood,"Cod, roe, raw","Cod, roe, raw",,11.27,,,,,,,,,,
fish & seafood,"Crab claws, meat, raw","Crab claws, meat, raw",,14.68,,,,,,,,,,
fish & seafood,"Caviar, made from capelin roe","Caviar, made from capelin roe",,11.32,,,,,,,,,,
fish & seafood,"Tuna, in water, canned","Tuna, in water, canned",,5.6,,,,,,,,,,
fish & seafood,"Halibut, greenland, smoked","Halibut, greenland, smoked",,11.59,,,,,,,,,,
fish & seafood,"Fish fillet, breaded, deepfried","Fish fillet, breaded, deepfried",,7.51,,,,,,,,,,
fish & seafood,"Fish fingers, breaded, frozen","Fish fingers, breaded, frozen",,6.59,,,,,,,,,,
starches & bread,"Rye flour, dark, whole meal","Rye flour, dark, whole meal",,0.77,,,,,,,,,,
starches & bread,"Wheat, flour, wholemeal","Wheat, flour, wholemeal",,0.84,,,,,,,,,,
starches & bread,"Rye kernels, whole/cracked","Rye kernels, whole/cracked",,0.77,,,,,,,,,,
starches & bread,"Wheat, kernels, whole/cracked","Wheat, kernels, whole/cracked",,0.84,,,,,,,,,,
starches & bread,Rice flour,Rice flour,,1.14,,,,,,,,,,
starches & bread,Corn flour,Corn flour,,0.63,,,,,,,,,,
diary & eggs,"Eggs, chicken, free-range hens (indoor), raw","Eggs, chicken, free-range hens (indoor), raw",,0.85,,,,,,,,,,
fish & seafood,"Burbot, raw","Burbot, raw",,12.54,,,,,,,,,,
fish & seafood,"Perch, raw","Perch, raw",,13.84,,,,,,,,,,
fish & seafood,"Pikeperch, raw","Pikeperch, raw",,7.32,,,,,,,,,,
fish & seafood,"Pike, raw","Pike, raw",,8.28,,,,,,,,,,
fish & seafood,"Bream, raw","Bream, raw",,16.78,,,,,,,,,,
fish & seafood,"Charr, raw","Charr, raw",,12.31,,,,,,,,,,
fish & seafood,"Trout, raw","Trout, raw",,2.72,,,,,,,,,,
fish & seafood,"Whitefish, raw","Whitefish, raw",,12.54,,,,,,,,,,
beverages,"Fruit juice, mixed, sweetened, concentrated","Fruit juice, mixed, sweetened, concentrated",,2.58,,,,,,,,,,
beverages,"Elderberry, juice, concentrated, sugar added","Elderberry, juice, concentrated, sugar added",,2.4,,,,,,,,,,
vegetables & mushrooms,"Olives, green, pickled, canned","Olives, green, pickled, canned",,1.69,,,,,,,,,,
fruits & berries,"Pear, canned","Pear, canned",,0.83,,,,,,,,,,
nuts & seeds,"Nut paste with cacao, spreads","Nut paste with cacao, spreads",,3.97,,,,,,,,,,
beverages,"Orange juice, canned","Orange juice, canned",,1.32,,,,,,,,,,
fruits & berries,"Pineapple, canned","Pineapple, canned",,1.3,,,,,,,,,,
spices & condiments,Strawberry jam,Strawberry jam,,1.8,,,,,,,,,,
fruits & berries,"Raisins, seedless","Raisins, seedless",,2.63,,,,,,,,,,
spices & condiments,Raspberry Jam,Raspberry Jam,,1.8,,,,,,,,,,
meat,"Hare, raw","Hare, raw",,2.27,,,,,,,,,,
meat,"Rabbit, flesh only, raw","Rabbit, flesh only, raw",,2.27,,,,,,,,,,
meat,"Pheasant, flesh and skin, raw","Pheasant, flesh and skin, raw",,2.27,,,,,,,,,,
meat,"Squab (pigeon), raw","Squab (pigeon), raw",,2.27,,,,,,,,,,
starches & bread,"Barley groats, raw","Barley groats, raw",,0.83,,,,,,,,,,
starches & bread,"Oats, rolled, not enriched","Oats, rolled, not enriched",,0.95,,,,,,,,,,
starches & bread,"Rice groats, raw","Rice groats, raw",,1.11,,,,,,,,,,
vegetables & mushrooms,"Parsley, raw","Parsley, raw",,0.37,,,,,,,,,,
vegetables & mushrooms,"Dill, raw","Dill, raw",,0.37,,,,,,,,,,
vegetables & mushrooms,"Garlic, raw","Garlic, raw",,1.33,,,,,,,,,,
vegetables & mushrooms,"Chives, raw","Chives, raw",,0.32,,,,,,,,,,
vegetables & mushrooms,"Cress, garden, raw","Cress, garden, raw",,0.37,,,,,,,,,,
vegetables & mushrooms,"Olives, black, without stones, in brine","Olives, black, without stones, in brine",,1.69,,,,,,,,,,
nuts & seeds,"Hazelnut, dried","Hazelnut, dried",,4.35,,,,,,,,,,
nuts & seeds,Sunflower seeds,Sunflower seeds,,1.77,,,,,,,,,,
nuts & seeds,Sesame seeds,Sesame seeds,,3.62,,,,,,,,,,
nuts & seeds,"Walnuts, dried","Walnuts, dried",,3.15,,,,,,,,,,
nuts & seeds,"Cashew nuts, dry roasted","Cashew nuts, dry roasted",,4.01,,,,,,,,,,
nuts & seeds,"Pumpkin seeds, dried","Pumpkin seeds, dried",,3.2,,,,,,,,,,
spices & condiments,Honey,Honey,,0.77,,,,,,,,,,
diary & eggs,"Ice cream, dairy, (wholemilk based)","Ice cream, dairy, (wholemilk based)",,2.84,,,,,,,,,,
diary & eggs,"Ice cream, dairy (cream based)","Ice cream, dairy (cream based)",,2.84,,,,,,,,,,
diary & eggs,"Ice, popsickle, lemonade","Ice, popsickle, lemonade",,1.15,,,,,,,,,,
spices & condiments,Vinegar (Malt),Vinegar (Malt),,1.93,,,,,,,,,,
spices & condiments,"Salt, table","Salt, table",,0.44,,,,,,,,,,
fruits & berries,"Rhubarb, raw","Rhubarb, raw",,0.3,,,,,,,,,,
vegetables & mushrooms,"Celery, raw","Celery, raw",,0.3,,,,,,,,,,
vegetables & mushrooms,"Cauliflower, all varieties, raw","Cauliflower, all varieties, raw",,0.71,,,,,,,,,,
vegetables & mushrooms,"Broccoli, raw","Broccoli, raw",,0.71,,,,,,,,,,
vegetables & mushrooms,"Kale, raw","Kale, raw",,0.25,,,,,,,,,,
vegetables & mushrooms,"Cabbage, white, raw","Cabbage, white, raw",,0.25,,,,,,,,,,
vegetables & mushrooms,"Brussels sprouts, raw","Brussels sprouts, raw",,0.25,,,,,,,,,,
vegetables & mushrooms,"Cabbage, red, raw","Cabbage, red, raw",,0.25,,,,,,,,,,
vegetables & mushrooms,"Cabbage, spring, raw","Cabbage, spring, raw",,0.25,,,,,,,,,,
vegetables & mushrooms,"Spinach, raw","Spinach, raw",,0.52,,,,,,,,,,
vegetables & mushrooms,"Artichoke, raw","Artichoke, raw",,0.98,,,,,,,,,,
vegetables & mushrooms,"Asparagus, green, raw","Asparagus, green, raw",,0.88,,,,,,,,,,
vegetables & mushrooms,"Lettuce, iceberg (incl. crisphead types), raw","Lettuce, iceberg (incl. crisphead types), raw",,0.59,,,,,,,,,,
vegetables & mushrooms,"Lettuce, looseleaf, raw","Lettuce, looseleaf, raw",,0.59,,,,,,,,,,
vegetables & mushrooms,"Cabbage, Chinese, pak-choi, raw","Cabbage, Chinese, pak-choi, raw",,0.25,,,,,,,,,,
vegetables & mushrooms,"Cabbage, savoy, raw","Cabbage, savoy, raw",,0.25,,,,,,,,,,
vegetables & mushrooms,"Cauliflower, frozen","Cauliflower, frozen",,0.84,,,,,,,,,,
vegetables & mushrooms,"Leek, raw","Leek, raw",,0.32,,,,,,,,,,
vegetables & mushrooms,"Spinach, chopped, frozen","Spinach, chopped, frozen",,0.64,,,,,,,,,,
vegetables & mushrooms,"Broccoli, frozen","Broccoli, frozen",,0.84,,,,,,,,,,
legumes,"Beans, wax, raw","Beans, wax, raw",,1.04,,,,,,,,,,
legumes,"Peas, green, raw","Peas, green, raw",,0.67,,,,,,,,,,
legumes,"Green lentils, dried","Green lentils, dried",,1.78,,,,,,,,,,
legumes,"Peas, chick/garbanzo, dry, raw","Peas, chick/garbanzo, dry, raw",,2.23,,,,,,,,,,
legumes,"Beans, green, raw","Beans, green, raw",,1.04,,,,,,,,,,
legumes,"Bean sprouts, mung, raw","Bean sprouts, mung, raw",,1.04,,,,,,,,,,
legumes,"Bean sprouts, average values, raw","Bean sprouts, average values, raw",,1.04,,,,,,,,,,
legumes,"Sugar pea (Snow pea, Mangetout) raw","Sugar pea (Snow pea, Mangetout) raw",,0.74,,,,,,,,,,
legumes,"Beans, soy, dried, raw","Beans, soy, dried, raw",,1.16,,,,,,,,,,
legumes,"Peas, green, frozen","Peas, green, frozen",,0.87,,,,,,,,,,
beverages,"Water, bottled, carbonated","Water, bottled, carbonated",,0.22,,,,,,,,,,
beverages,"Soft drink, sugar added","Soft drink, sugar added",,0.55,,,,,,,,,,
beverages,"Apple juice, canned or bottled","Apple juice, canned or bottled",,1.64,,,,,,,,,,
beverages,"Sherry, dry","Sherry, dry",,4.27,,,,,,,,,,
beverages,"Liqueur, coffee with cream","Liqueur, coffee with cream",,3.39,,,,,,,,,,
diary & eggs,"Margarine, 70 % fat, table use, soft, vegetable fat","Margarine, 70 % fat, table use, soft, vegetable fat",,2.93,,,,,,,,,,
fish & seafood,"Garfish, raw","Garfish, raw",,9.7,,,,,,,,,,
fish & seafood,"Salmon, Atlantic, wild, raw","Salmon, Atlantic, wild, raw",,9.46,,,,,,,,,,
fish & seafood,"Mackerel, raw","Mackerel, raw",,9.12,,,,,,,,,,
fish & seafood,"Plaice, raw","Plaice, raw",,9.87,,,,,,,,,,
fish & seafood,"Herring, raw","Herring, raw",,9.34,,,,,,,,,,
fish & seafood,"Saithe, raw","Saithe, raw",,9.87,,,,,,,,,,
fish & seafood,"Cod, fillet, raw","Cod, fillet, raw",,9.87,,,,,,,,,,
fish & seafood,"Plaice, fillet, breaded, dybfrost","Plaice, fillet, breaded, dybfrost",,6.66,,,,,,,,,,
fish & seafood,"Saithe (UK), pollock (US), fillet, frozen","Saithe (UK), pollock (US), fillet, frozen",,9.78,,,,,,,,,,
fish & seafood,"Tuna, raw","Tuna, raw",,10.14,,,,,,,,,,
fish & seafood,"Salmon, Atlantic, aquaculture, cold smoked","Salmon, Atlantic, aquaculture, cold smoked",,11.89,,,,,,,,,,
fish & seafood,"Salmon, atlantic, aquaculture, hot smoked","Salmon, atlantic, aquaculture, hot smoked",,12.2,,,,,,,,,,
fish & seafood,"Salmon, atlantic, aquaculture, raw","Salmon, atlantic, aquaculture, raw",,9.11,,,,,,,,,,
spices & condiments,"Mayonnaise, low fat","Mayonnaise, low fat",,1.22,,,,,,,,,,
spices & condiments,Mayonnaise,Mayonnaise,,3.55,,,,,,,,,,
spices & condiments,"Remoulade, average values","Remoulade, average values",,1.88,,,,,,,,,,
fish & seafood,"Oyster, raw","Oyster, raw",,1.13,,,,,,,,,,
fish & seafood,"Mussel, raw","Mussel, raw",,0.22,,,,,,,,,,
fish & seafood,"Octopus, raw","Octopus, raw",,0.46,,,,,,,,,,
vegetables & mushrooms,"Mushroom, raw","Mushroom, raw",,0.47,,,,,,,,,,
vegetables & mushrooms,Oyster mushroom,Oyster mushroom,,0.47,,,,,,,,,,
diary & eggs,"Almondmilk, unfortified","Almondmilk, unfortified",,3.52,,,,,,,,,,
diary & eggs,"Ricemilk, with added calcium","Ricemilk, with added calcium",,0.39,,,,,,,,,,
diary & eggs,"Oatmilk, with added calcium","Oatmilk, with added calcium",,0.37,,,,,,,,,,
diary & eggs,"Soy milk, with added calcium","Soy milk, with added calcium",,0.38,,,,,,,,,,
spices & condiments,"Bouillon, chicken, prepared","Bouillon, chicken, prepared",,0.38,,,,,,,,,,
meat,"Meat balls, canned","Meat balls, canned",,11.42,,,,,,,,,,
spices & condiments,"Bouillon, beef, prepared","Bouillon, beef, prepared",,0.52,,,,,,,,,,
meat,"Meat balls, average values","Meat balls, average values",,11.42,,,,,,,,,,
prepared,"Dumplings, average values","Dumplings, average values",,1.27,,,,,,,,,,
meat,"Meat balls, frozen","Meat balls, frozen",,11.08,,,,,,,,,,
prepared,"Soup, tomato, ready to eat","Soup, tomato, ready to eat",,1.84,,,,,,,,,,
spices & condiments,"Bouillon, beef, concentrated, cube","Bouillon, beef, concentrated, cube",,7.26,,,,,,,,,,
prepared,"Dumplings, frozen","Dumplings, frozen",,1.31,,,,,,,,,,
meat,"Chicken, grilled, fast food","Chicken, grilled, fast food",,3.61,,,,,,,,,,
meat,"Chicken nuggets, deepfried, ready meals","Chicken nuggets, deepfried, ready meals",,3.24,,,,,,,,,,
prepared,"Pizza with tomato and cheese, ready meals","Pizza with tomato and cheese, ready meals",,2.96,,,,,,,,,,
prepared,"Pizza with seafood, tomato and cheese, ready meals","Pizza with seafood, tomato and cheese, ready meals",,3.79,,,,,,,,,,
prepared,"Pizza with salami, tomato and cheese, ready meals","Pizza with salami, tomato and cheese, ready meals",,3.15,,,,,,,,,,
prepared,"Pizza with vegetables, fruit, tomato and cheese, ready meals","Pizza with vegetables, fruit, tomato and cheese, ready meals",,2.56,,,,,,,,,,
prepared,"Pizza with meat, tomato and cheese, ready meals","Pizza with meat, tomato and cheese, ready meals",,3.91,,,,,,,,,,
prepared,"Pizza with meat and seafood, tomato and cheese, ready meals","Pizza with meat and seafood, tomato and cheese, ready meals",,3.85,,,,,,,,,,
meat,"Veal and pork, mince, 15-20% fat, raw","Veal and pork, mince, 15-20% fat, raw",,15.26,,,,,,,,,,
diary & eggs,Goat milk,Goat milk,,4.4,,,,,,,,,,
Confectionary,Marzipan,Marzipan,,6.25,,,,,,,,,,
spices & condiments,"Syrup, kitchen","Syrup, kitchen",,0.93,,,,,,,,,,
starches & bread,"Pasta, raw","Pasta, raw",,1.73,,,,,,,,,,
fruits & berries,"Apple, raw, all varieties","Apple, raw, all varieties",,0.66,,,,,,,,,,
fruits & berries,"Pear, raw","Pear, raw",,0.38,,,,,,,,,,
fruits & berries,"Grape, raw","Grape, raw",,0.94,,,,,,,,,,
meat,"Pork, collar with rind, raw","Pork, collar with rind, raw",,3.58,,,,,,,,,,
meat,"Pork, ham, topside (M. Semimembranosus), lean, raw","Pork, ham, topside (M. Semimembranosus), lean, raw",,3.58,,,,,,,,,,
meat,"Pork, loin, lean, raw","Pork, loin, lean, raw",,4.19,,,,,,,,,,
meat,"Pork, tenderloin, trimmed, raw","Pork, tenderloin, trimmed, raw",,5.4,,,,,,,,,,
meat,"Pork, mince, 5-10% fat, raw","Pork, mince, 5-10% fat, raw",,2.9,,,,,,,,,,
meat,"Pork, collar, defatted, raw","Pork, collar, defatted, raw",,3.57,,,,,,,,,,
meat,"Pork, mince, 15-20% fat, raw","Pork, mince, 15-20% fat, raw",,2.97,,,,,,,,,,
meat,"Minced meat, spaghetti sauce type, average values, ready meals","Minced meat, spaghetti sauce type, average values, ready meals",,13.74,,,,,,,,,,
prepared,"Spring roll, frozen, ready meals","Spring roll, frozen, ready meals",,1.99,,,,,,,,,,
prepared,"Pork in curry sauce, frozen, ready meals","Pork in curry sauce, frozen, ready meals",,3.82,,,,,,,,,,
prepared,"Pizza Romana, frozen, ready meals","Pizza Romana, frozen, ready meals",,2.87,,,,,,,,,,
prepared,"Liver, pig, in cream sauce, frozen, ready meals","Liver, pig, in cream sauce, frozen, ready meals",,2.9,,,,,,,,,,
prepared,"Pizza Napolitana, frozen, ready meals","Pizza Napolitana, frozen, ready meals",,2.99,,,,,,,,,,
prepared,"Spring roll, deepfried, ready meals","Spring roll, deepfried, ready meals",,1.99,,,,,,,,,,
prepared,"Pizza with broccoli, frozen, ready meals","Pizza with broccoli, frozen, ready meals",,2.58,,,,,,,,,,
prepared,"Pizza with tuna, frozen, ready meals","Pizza with tuna, frozen, ready meals",,3.26,,,,,,,,,,
prepared,"Pork, minced and bound with flour and egg, boiled, frozen, ready meals","Pork, minced and bound with flour and egg, boiled, frozen, ready meals",,2.08,,,,,,,,,,
vegetables & mushrooms,"Potato, raw","Potato, raw",,0.36,,,,,,,,,,
vegetables & mushrooms,"Carrot, raw","Carrot, raw",,0.25,,,,,,,,,,
vegetables & mushrooms,"Radish, raw","Radish, raw",,0.37,,,,,,,,,,
vegetables & mushrooms,"Beet, red, raw","Beet, red, raw",,0.31,,,,,,,,,,
vegetables & mushrooms,"Celeriac, celery root, raw","Celeriac, celery root, raw",,0.3,,,,,,,,,,
vegetables & mushrooms,"Ginger root, raw","Ginger root, raw",,1.85,,,,,,,,,,
vegetables & mushrooms,"Fennel, root, raw","Fennel, root, raw",,4.46,,,,,,,,,,
vegetables & mushrooms,"Turnip, raw","Turnip, raw",,0.25,,,,,,,,,,
vegetables & mushrooms,"Onions, chopped, frozen","Onions, chopped, frozen",,0.37,,,,,,,,,,
vegetables & mushrooms,"Carrot, frozen","Carrot, frozen",,0.37,,,,,,,,,,
vegetables & mushrooms,"Onion, raw","Onion, raw",,0.9,,,,,,,,,,
vegetables & mushrooms,"Onions, spring, raw","Onions, spring, raw",,0.9,,,,,,,,,,
vegetables & mushrooms,"Cassava, raw","Cassava, raw",,0.74,,,,,,,,,,
vegetables & mushrooms,"Parsley root, raw","Parsley root, raw",,0.89,,,,,,,,,,
diary & eggs,"Cheese, semihard, Feta, 40 % fidm","Cheese, semihard, Feta, 40 % fidm",,2.92,,,,,,,,,,
diary & eggs,"Cheese, Danish Blue, 50 % fidm.","Cheese, Danish Blue, 50 % fidm.",,7.72,,,,,,,,,,
meat,"Lamb, leg, unspecified , raw","Lamb, leg, unspecified , raw",,27.43,,,,,,,,,,
meat,"Lamb, meat, average values, raw","Lamb, meat, average values, raw",,27.43,,,,,,,,,,
fish & seafood,"Crayfish, raw","Crayfish, raw",,3.55,,,,,,,,,,
fish & seafood,"Shrimps, boiled, shell removed","Shrimps, boiled, shell removed",,10.52,,,,,,,,,,
fish & seafood,"Lobster, raw","Lobster, raw",,3.55,,,,,,,,,,
fish & seafood,"Crab, boiled","Crab, boiled",,5.9,,,,,,,,,,
fish & seafood,"Prawn, giant tiger, aquaculture, boiled, frozen","Prawn, giant tiger, aquaculture, boiled, frozen",,12.43,,,,,,,,,,
fish & seafood,"Shrimp, boiled, in brine","Shrimp, boiled, in brine",,10.52,,,,,,,,,,
prepared,"Pop corn, oil and salt added, traditional","Pop corn, oil and salt added, traditional",,1.25,,,,,,,,,,
nuts & seeds,"Peanuts, oilroasted and salted","Peanuts, oilroasted and salted",,2.5,,,,,,,,,,
fruits & berries,"Strawberry, raw","Strawberry, raw",,0.56,,,,,,,,,,
fruits & berries,"Raspberry, raw","Raspberry, raw",,0.84,,,,,,,,,,
fruits & berries,"Currant, black, raw","Currant, black, raw",,0.53,,,,,,,,,,
fruits & berries,"Blueberries, raw","Blueberries, raw",,2.91,,,,,,,,,,
fruits & berries,"Blackberry, raw","Blackberry, raw",,0.91,,,,,,,,,,
fruits & berries,"Rose hip, raw","Rose hip, raw",,0.65,,,,,,,,,,
fruits & berries,"Elderberry, raw","Elderberry, raw",,0.91,,,,,,,,,,
fruits & berries,"Currant, red, raw","Currant, red, raw",,0.53,,,,,,,,,,
fruits & berries,"Gooseberry, raw","Gooseberry, raw",,0.85,,,,,,,,,,
fruits & berries,"Strawberries, frozen, unsweetened","Strawberries, frozen, unsweetened",,0.98,,,,,,,,,,
fruits & berries,"Cranberry, raw","Cranberry, raw",,0.87,,,,,,,,,,
fruits & berries,"Blueberry, frozen, unsweetened","Blueberry, frozen, unsweetened",,1.02,,,,,,,,,,
fruits & berries,"Raspberry, frozen","Raspberry, frozen",,0.86,,,,,,,,,,
diary & eggs,"Cheese, Cream, 60 % fidm.","Cheese, Cream, 60 % fidm.",,7.72,,,,,,,,,,
diary & eggs,"Cheese, Brie, 45 % fidm.","Cheese, Brie, 45 % fidm.",,2.92,,,,,,,,,,
diary & eggs,"Cheese, cottage, 20 % fidm.","Cheese, cottage, 20 % fidm.",,2.92,,,,,,,,,,
starches & bread,"Bulgur, parboiled, raw","Bulgur, parboiled, raw",,1.15,,,,,,,,,,
vegetables & mushrooms,"Sweetcorn, kernels, canned","Sweetcorn, kernels, canned",,0.61,,,,,,,,,,
starches & bread,"Rice, parboiled, raw","Rice, parboiled, raw",,1.28,,,,,,,,,,
starches & bread,"Quinoa, black, raw","Quinoa, black, raw",,2.49,,,,,,,,,,
spices & condiments,"Pepper, black","Pepper, black",,4.3,,,,,,,,,,
spices & condiments,"Mustard, yellow, ready made","Mustard, yellow, ready made",,1.76,,,,,,,,,,
spices & condiments,Curry powder,Curry powder,,4.7,,,,,,,,,,
beverages,"BITTER, Gammel Dansk Bitter Dram","BITTER, Gammel Dansk Bitter Dram",,2.04,,,,,,,,,,
beverages,"Brandy, cognac","Brandy, cognac",,8.22,,,,,,,,,,
beverages,Vodka,Vodka,,2.04,,,,,,,,,,
beverages,"Aquavit, 40 % vol., average values","Aquavit, 40 % vol., average values",,2.04,,,,,,,,,,
fruits & berries,"Plum, raw","Plum, raw",,0.58,,,,,,,,,,
fruits & berries,"Cherry, raw","Cherry, raw",,0.75,,,,,,,,,,
fruits & berries,"Chestnut, raw","Chestnut, raw",,1.71,,,,,,,,,,
fruits & berries,"Prune, dried plum","Prune, dried plum",,1.87,,,,,,,,,,
fruits & berries,"Apricot, dried","Apricot, dried",,1.87,,,,,,,,,,
fruits & berries,"Apricot, raw","Apricot, raw",,1.05,,,,,,,,,,
fruits & berries,"Peach, raw","Peach, raw",,0.96,,,,,,,,,,
fruits & berries,"Nectarine, raw","Nectarine, raw",,0.96,,,,,,,,,,
vegetables & mushrooms,"Avocado, raw","Avocado, raw",,1.07,,,,,,,,,,
spices & condiments,"Sugar, white","Sugar, white",,2,,,,,,,,,,
spices & condiments,"Sugar, brown","Sugar, brown",,1.92,,,,,,,,,,
Confectionary,"Chocolate, milk","Chocolate, milk",,5.18,,,,,,,,,,
Confectionary,Nougat,Nougat,,4.97,,,,,,,,,,
Confectionary,"Chewing gum, no sugar added, all types","Chewing gum, no sugar added, all types",,5.96,,,,,,,,,,
Confectionary,"Toffees, mixed","Toffees, mixed",,2.74,,,,,,,,,,
Confectionary,"Chocolate, dark","Chocolate, dark",,3.74,,,,,,,,,,
Confectionary,"Liquorice, salt","Liquorice, salt",,2.09,,,,,,,,,,
Confectionary,Fruit gums,Fruit gums,,2.02,,,,,,,,,,
fruits & berries,"Banana, raw","Banana, raw",,0.98,,,,,,,,,,
fruits & berries,"Lemon, raw","Lemon, raw",,0.94,,,,,,,,,,
fruits & berries,"Watermelon, raw","Watermelon, raw",,0.78,,,,,,,,,,
fruits & berries,"Orange, raw","Orange, raw",,0.81,,,,,,,,,,
fruits & berries,"Melon, honeydew, raw","Melon, honeydew, raw",,0.71,,,,,,,,,,
fruits & berries,"Lime, raw","Lime, raw",,0.87,,,,,,,,,,
fruits & berries,"Pineapple, raw","Pineapple, raw",,0.65,,,,,,,,,,
fruits & berries,"Mango, raw","Mango, raw",,0.93,,,,,,,,,,
fruits & berries,"Grapefruit, raw","Grapefruit, raw",,0.86,,,,,,,,,,
fruits & berries,"Tangerine, raw","Tangerine, raw",,0.97,,,,,,,,,,
fruits & berries,"Kiwi fruit, raw","Kiwi fruit, raw",,0.93,,,,,,,,,,
meat,"Turkey, breast, boiled/smoked, sliced","Turkey, breast, boiled/smoked, sliced",,3.02,,,,,,,,,,
meat,"Turkey, flesh only, raw","Turkey, flesh only, raw",,3.18,,,,,,,,,,
meat,"Turkey, mince, 5-10% fat, raw","Turkey, mince, 5-10% fat, raw",,3.34,,,,,,,,,,
diary & eggs,"Milk, whole, 3.5 % fat","Milk, whole, 3.5 % fat",,0.79,,,,,,,,,,
diary & eggs,"Milk, partly skimmed, 1.5 % fat","Milk, partly skimmed, 1.5 % fat",,0.61,,,,,,,,,,
diary & eggs,"Milk, skimmed, 0.5 % fat","Milk, skimmed, 0.5 % fat",,0.48,,,,,,,,,,
diary & eggs,"Milk, skimmed, with chocolate (UHT)","Milk, skimmed, with chocolate (UHT)",,0.65,,,,,,,,,,
diary & eggs,"Cream, whipping, 38 % fat","Cream, whipping, 38 % fat",,2.14,,,,,,,,,,
meat,"Veal, medium fat, raw","Veal, medium fat, raw",,50.36,,,,,,,,,,
nuts & seeds,Peanut butter,Peanut butter,,2.85,,,,,,,,,,
nuts & seeds,Sunflower oil,Sunflower oil,,3.76,,,,,,,,,,
nuts & seeds,Olive oil,Olive oil,,3.83,,,,,,,,,,
nuts & seeds,"Oil, rape seed (no eruca acid)","Oil, rape seed (no eruca acid)",,3.84,,,,,,,,,,
vegetables & mushrooms,"Onions, chopped and deepfried","Onions, chopped and deepfried",,4.3,,,,,,,,,,
prepared,"Potato crisps, coarse","Potato crisps, coarse",,4.17,,,,,,,,,,
legumes,"Tofu, soy bean curd","Tofu, soy bean curd",,1.71,,,,,,,,,,
legumes,"Lentils, sprouted, raw","Lentils, sprouted, raw",,1.7,,,,,,,,,,
vegetables & mushrooms,"Cabbage, red, canned, no sugar added","Cabbage, red, canned, no sugar added",,0.73,,,,,,,,,,
beverages,"Tomato juice, canned","Tomato juice, canned",,1.26,,,,,,,,,,
vegetables & mushrooms,"Gherkin, pickled","Gherkin, pickled",,1.58,,,,,,,,,,
prepared,"Potatoes, mashed, instant powder with dry milk","Potatoes, mashed, instant powder with dry milk",,5,,,,,,,,,,
vegetables & mushrooms,"Pepper, hot chili, canned","Pepper, hot chili, canned",,1.54,,,,,,,,,,
vegetables & mushrooms,"Cucumber, large, pickled","Cucumber, large, pickled",,1.58,,,,,,,,,,
vegetables & mushrooms,"Tomato, peeled, canned","Tomato, peeled, canned",,1.26,,,,,,,,,,
vegetables & mushrooms,"Beet, red, canned","Beet, red, canned",,0.83,,,,,,,,,,
vegetables & mushrooms,"Potato, canned","Potato, canned",,0.89,,,,,,,,,,
prepared,Potato crisps,Potato crisps,,4.17,,,,,,,,,,
vegetables & mushrooms,"Bamboo shoots, canned, nonsalted","Bamboo shoots, canned, nonsalted",,1.21,,,,,,,,,,
vegetables & mushrooms,"Mushroom, canned","Mushroom, canned",,0.7,,,,,,,,,,
vegetables & mushrooms,"French fries, deepfried, fast food","French fries, deepfried, fast food",,2.84,,,,,,,,,,
spices & condiments,"Tomato paste, concentrated","Tomato paste, concentrated",,2.48,,,,,,,,,,
spices & condiments,"Tomato ketchup, bottled","Tomato ketchup, bottled",,2.01,,,,,,,,,,
legumes,"Beans, baked i tomato sauce, canned","Beans, baked i tomato sauce, canned",,1.53,,,,,,,,,,
starches & bread,Potato flour,Potato flour,,1.31,,,,,,,,,,
legumes,"Peas, green, canned","Peas, green, canned",,1.36,,,,,,,,,,
spices & condiments,Soy sauce,Soy sauce,,1.49,,,,,,,,,,
spices & condiments,"Sauce, barbeque","Sauce, barbeque",,2.18,,,,,,,,,,
beverages,"Wine, white, average values","Wine, white, average values",,1.87,,,,,,,,,,
beverages,"Wine, rosŽ","Wine, rose",,1.87,,,,,,,,,,
beverages,"Wine, red","Wine, red",,1.87,,,,,,,,,,
beverages,"Wine, white, sparkling, champagne","Wine, white, sparkling, champagne",,1.87,,,,,,,,,,
spices & condiments,"Yeast, bakers, compressed","Yeast, bakers, compressed",,1.45,,,,,,,,,,
meat,Cocktail sausages,Cocktail sausages,,1.81,,,,,,,,,,
spices & condiments,Pesto,Pesto,,3.83,,,,,,,,,,
prepared,"Lasagne, beef, ready meals","Lasagne, beef, ready meals",,8.85,,,,,,,,,,
prepared,"Lasagne, vegetarian, ready meals","Lasagne, vegetarian, ready meals",,1.74,,,,,,,,,,
prepared,"Daal, ready meals","Daal, ready meals",,1.85,,,,,,,,,,
prepared,"Sushi, ready meals","Sushi, ready meals",,2.51,,,,,,,,,,
meat,Minced chicken,Minced chicken,,3.76,,,,,,,,,,
starches & bread,Pizza dough,Pizza dough,,0.72,,,,,,,,,,
prepared,"Fresh pasta, fettucine spinach","Fresh pasta, fettucine spinach",,1.08,,,,,,,,,,
prepared,Tuna salad,Tuna salad,,4.5,,,,,,,,,,
prepared,Egg salad,Egg salad,,1.51,,,,,,,,,,
prepared,Hummus,Hummus,,1.5,,,,,,,,,,
prepared,"Lasagne, vegan, ready meals","Lasagne, vegan, ready meals",,1.59,,,,,,,,,,
prepared,"Pancakes, ready meals","Pancakes, ready meals",,2.21,,,,,,,,,,
prepared,Potato gratin / cream potatoes,Potato gratin / cream potatoes,,1.1,,,,,,,,,,
beverages,"Icetea, peach","Icetea, peach",,0.82,,,,,,,,,,
beverages,Energy drink,Energy drink,,0.53,,,,,,,,,,
beverages,"Alcoholic soda, 4%","Alcoholic soda, 4%",,0.72,,,,,,,,,,
spices & condiments,"Salsa, hot","Salsa, hot",,1.59,,,,,,,,,,
starches & bread,"Tortilla bread, wheat","Tortilla bread, wheat",,0.74,,,,,,,,,,
prepared,Pizzasauce,Pizzasauce,,2.33,,,,,,,,,,
prepared,Pastasauce,Pastasauce,,2.33,,,,,,,,,,
diary & eggs,Coconut milk,Coconut milk,,3.5,,,,,,,,,,
starches & bread,"Garlic baguette, frozen","Garlic baguette, frozen",,1.18,,,,,,,,,,
Confectionary,"Muesli bar, chocolate","Muesli bar, chocolate",,2.65,,,,,,,,,,
prepared,Cup noodles chicken,Cup noodles chicken,,1.87,,,,,,,,,,
vegetables & mushrooms,Sliced mushrooms,Sliced mushrooms,,0.41,,,,,,,,,,
prepared,Microwave popcorn,Microwave popcorn,,1.62,,,,,,,,,,
prepared,Thai meal panang curry chicken,Thai meal panang curry chicken,,2.33,,,,,,,,,,
vegetables & mushrooms,"French fries, frost","French fries, frost",,0.65,,,,,,,,,,
prepared,Pancake puffs,Pancake puffs,,1.32,,,,,,,,,,
legumes,"Chickpeas, canned","Chickpeas, canned",,0.88,,,,,,,,,,
legumes,"Green beans, frost","Green beans, frost",,1.42,,,,,,,,,,
prepared,"Tortilla chips, cheese","Tortilla chips, cheese",,1.9,,,,,,,,,,
vegetables & mushrooms,Asparagus slices,Asparagus slices,,1.46,,,,,,,,,,
vegetables & mushrooms,Corn cob,Corn cob,,0.49,,,,,,,,,,
vegetables & mushrooms,"Rocket salad, rinsed","Rocket salad, rinsed",,0.48,,,,,,,,,,
spices & condiments,Olive tapenade,Olive tapenade,,3.12,,,,,,,,,,
starches & bread,Stuffed fresh pasta,Stuffed fresh pasta,,2.14,,,,,,,,,,
meat,Pepperoni,Pepperoni,,5.06,,,,,,,,,,
legumes,Kidney beans,Kidney beans,,1.05,,,,,,,,,,
meat,"Chicken, whole","Chicken, whole",,2.22,,,,,,,,,,
meat,"Chorizo, sliced","Chorizo, sliced",,6.07,,,,,,,,,,
prepared,Potato salad,Potato salad,,1.18,,,,,,,,,,
beverages,Cider 4.5%,Cider 4.5%,,1.1,,,,,,,,,,
prepared,"Falafel, frost","Falafel, frost",,1.72,,,,,,,,,,
prepared,"Potato hotchpotch, beef, ready meals","Potato hotchpotch, beef, ready meals",,13.21,,,,,,,,,,
prepared,"Potato hotchpotch, mixed meat, ready meals","Potato hotchpotch, mixed meat, ready meals",,9.42,,,,,,,,,,
prepared,Vegetable steaks,Vegetable steaks,,1.25,,,,,,,,,,
prepared,"Spring rolls, vegetables, ready meals","Spring rolls, vegetables, ready meals",,1.99,,,,,,,,,,
prepared,"Spring rolls, chicken, ready meals","Spring rolls, chicken, ready meals",,2.24,,,,,,,,,,
prepared,"Spring rolls, beef, ready meals","Spring rolls, beef, ready meals",,4.14,,,,,,,,,,
prepared,"Meatballs in curry with rice and curry sauce, ready meals","Meatballs in curry with rice and curry sauce, ready meals",,1.94,,,,,,,,,,
prepared,"Leek pie with bacon, ready meals","Leek pie with bacon, ready meals",,1.46,,,,,,,,,,
prepared,"Croque monsieur, ready meals","Croque monsieur, ready meals",,1.87,,,,,,,,,,
vegetables & mushrooms,Capers,Capers,,1.39,,,,,,,,,,
vegetables & mushrooms,Baby corn,Baby corn,,0.61,,,,,,,,,,
legumes,Black beans,Black beans,,1.05,,,,,,,,,,
fruits & berries,Half peaches in juice,Half peaches in juice,,1.7,,,,,,,,,,
vegetables & mushrooms,Marinated artichokes,Marinated artichokes,,3.38,,,,,,,,,,
vegetables & mushrooms,Cornichons,Cornichons,,1.58,,,,,,,,,,
vegetables & mushrooms,Garlic in oil,Garlic in oil,,2.79,,,,,,,,,,
fruits & berries,Half pears in juice,Half pears in juice,,1.04,,,,,,,,,,
vegetables & mushrooms,Marinated grilled peppers,Marinated grilled peppers,,2.89,,,,,,,,,,
spices & condiments,"Tahin, sesame paste","Tahin, sesame paste",,4.08,,,,,,,,,,
spices & condiments,Sundried tomatoes,Sundried tomatoes,,1.95,,,,,,,,,,
legumes,"Red lentils, dried","Red lentils, dried",,1.78,,,,,,,,,,
spices & condiments,"Ajvar, relish","Ajvar, relish",,2.49,,,,,,,,,,
spices & condiments,Vegan bean paste,Vegan bean paste,,1.72,,,,,,,,,,
spices & condiments,"Plant paste, pea protein and mushroom","Plant paste, pea protein and mushroom",,0.78,,,,,,,,,,
prepared,Chilli cheese tops,Chilli cheese tops,,1.87,,,,,,,,,,
diary & eggs,Mozarella sticks,Mozarella sticks,,2.92,,,,,,,,,,
prepared,"Chili con carne, ready meals","Chili con carne, ready meals",,21.07,,,,,,,,,,
meat,"Vegan balls, soy based","Vegan balls, soy based",,0.86,,,,,,,,,,
meat,"Vegan schnitzels, soy based","Vegan schnitzels, soy based",,1.78,,,,,,,,,,
meat,"Vegan burgers, soy based","Vegan burgers, soy based",,0.85,,,,,,,,,,
meat,"Vegan minced, pea based","Vegan minced, pea based",,0.61,,,,,,,,,,
meat,"Vegan sausages, soy based","Vegan sausages, soy based",,1.63,,,,,,,,,,
meat,"Vegan nuggets, soy based","Vegan nuggets, soy based",,2.05,,,,,,,,,,
meat,Vegan pulled beans,Vegan pulled beans,,2.21,,,,,,,,,,
meat,Pulled pork,Pulled pork,,3.68,,,,,,,,,,
meat,Pulled beef,Pulled beef,,38.22,,,,,,,,,,
meat,Vegan chorizo,Vegan chorizo,,1.84,,,,,,,,,,
starches & bread,Rice noodles,Rice noodles,,1.41,,,,,,,,,,
vegetables & mushrooms,Jalapenos,Jalapenos,,1.54,,,,,,,,,,
starches & bread,Taco shells,Taco shells,,1.81,,,,,,,,,,
spices & condiments,Mango chutney,Mango chutney,,2.9,,,,,,,,,,
spices & condiments,Green curry paste,Green curry paste,,1.97,,,,,,,,,,
starches & bread,"Noodles, eggs","Noodles, eggs",,1.15,,,,,,,,,,
starches & bread,Rice pancakes,Rice pancakes,,1.84,,,,,,,,,,
diary & eggs,"Vegan ice cream, oats","Vegan ice cream, oats",,1.53,,,,,,,,,,
spices & condiments,Vegan mayo,Vegan mayo,,3.07,,,,,,,,,,
meat,Mushroom burger,Mushroom burger,,1.47,,,,,,,,,,
meat,Vegan cold cuts,Vegan cold cuts,,2.34,,,,,,,,,,
diary & eggs,Vegan block,Vegan block,,0.97,,,,,,,,,,
diary & eggs,Magarine,Magarine,,2.93,,,,,,,,,,
meat,Vegan bacon,Vegan bacon,,0.25,,,,,,,,,,
meat,Vegan fillet pieces,Vegan fillet pieces,,2.04,,,,,,,,,,
prepared,Falafel mince,Falafel mince,,1.68,,,,,,,,,,
diary & eggs,Pea drink,Pea drink,,0.48,,,,,,,,,,
vegetables & mushrooms,Portobello mushroom,Portobello mushroom,,0.36,,,,,,,,,,
starches & bread,"Food grain, kamut","Food grain, kamut",,1.15,,,,,,,,,,
spices & condiments,Chili Sauce,Chili Sauce,,1.82,,,,,,,,,,
vegetables & mushrooms,Red onion,Red onion,,0.9,,,,,,,,,,
vegetables & mushrooms,"Basil, fresh","Basil, fresh",,0.3,,,,,,,,,,
spices & condiments,"Basil, dried","Basil, dried",,4.44,,,,,,,,,,
diary & eggs,Cold buttermilk soup,Cold buttermilk soup,,0.97,,,,,,,,,,
meat,"Beef, low fat","Beef, low fat",,35.86,,,,,,,,,,
meat,Grilled sausages,Grilled sausages,,1.81,,,,,,,,,,
meat,Minced lamb,Minced lamb,,26.3,,,,,,,,,,
starches & bread,Burger buns,Burger buns,,0.74,,,,,,,,,,
diary & eggs,Blue cheese,Blue cheese,,2.92,,,,,,,,,,
diary & eggs,Goat cheese,Goat cheese,,2.92,,,,,,,,,,
diary & eggs,"Vegan cheese, grated or sliced","Vegan cheese, grated or sliced",,1,,,,,,,,,,
prepared,"Samosa, vegetarian frost","Samosa, vegetarian frost",,1.17,,,,,,,,,,
prepared,"Nutella, nut cream","Nutella, nut cream",,3.97,,,,,,,,,,
beverages,"Smoothie, strawberry blueberry","Smoothie, strawberry blueberry",,2.16,,,,,,,,,,
beverages,Pineapple juice,Pineapple juice,,0.5695,,,,,,,,,,
beverages,Apple juice (no packaging),Apple juice (no packaging),,0.3495,,,,,,,,,,
beverages,Pear juice,Pear juice,,0.5047,,,,,,,,,,
diary & eggs,Buttermilk,Buttermilk,,1.1919,,,,,,,,,,
beverages,Champagne,Champagne,,1.4744,,,,,,,,,,
beverages,Cognac,Cognac,,2.9044,,,,,,,,,,
beverages,Fruit juice,Fruit juice,,0.4323,,,,,,,,,,
beverages,Grapefruit juice,Grapefruit juice,,0.4656,,,,,,,,,,
diary & eggs,Oat drink,Oat drink,,0.2456,,,,,,,,,,
beverages,Coffee (brewed),Coffee (brewed),,0.217,,,,,,,,,,
beverages,Mango Juice,Mango Juice,,1.1984,,,,,,,,,,
beverages,Sparkling water,Sparkling water,,0.399,,,,,,,,,,
beverages,Mineral water (non-carbonated),Mineral water (non-carbonated),,0.284,,,,,,,,,,
beverages,Orange juice,Orange juice,,1.5458,,,,,,,,,,
beverages,Peach juice,Peach juice,,1.5458,,,,,,,,,,
beverages,Beetroot juice,Beetroot juice,,0.597,,,,,,,,,,
diary & eggs,Rice drink,Rice drink,,0.6036,,,,,,,,,,
beverages,Spirituous beverages,Spirituous beverages,,4.1837,,,,,,,,,,
beverages,Grape juice,Grape juice,,1.2199,,,,,,,,,,
beverages,Water,Water,,0.0004,,,,,,,,,,
diary & eggs,Creme fraiche cheese,Creme fraiche cheese,,3.4247,,,,,,,,,,
diary & eggs,Emmentaler,Emmentaler,,9.5569,,,,,,,,,,
diary & eggs,Grana padano,Grana padano,,9.4169,,,,,,,,,,
diary & eggs,Gruyere,Gruyere,,9.2769,,,,,,,,,,
diary & eggs,Oats cream,Oats cream,,0.2456,,,,,,,,,,
diary & eggs,Natural yoghurt,Natural yoghurt,,3.7469,,,,,,,,,,
diary & eggs,Margarine,Margarine,,1.3468,,,,,,,,,,
diary & eggs,Mascarpone,Mascarpone,,6.1669,,,,,,,,,,
diary & eggs,Milk powder,Milk powder,,2.2001,,,,,,,,,,
diary & eggs,Whey powder,Whey powder,,2.5629,,,,,,,,,,
diary & eggs,Mozzarella (from cow's milk),Mozzarella (from cow's milk),,6.7469,,,,,,,,,,
diary & eggs,Paneer,Paneer,,8.6469,,,,,,,,,,
diary & eggs,Parmesan,Parmesan,,9.4169,,,,,,,,,,
diary & eggs,Curd,Curd,,2.9369,,,,,,,,,,
diary & eggs,Raclette,Raclette,,9.4169,,,,,,,,,,
diary & eggs,Ricotta,Ricotta,,0.6469,,,,,,,,,,
diary & eggs,Cream powder,Cream powder,,15.3495,,,,,,,,,,
diary & eggs,Sour milk,Sour milk,,2.7858,,,,,,,,,,
diary & eggs,Sour cream,Sour cream,,3.4247,,,,,,,,,,
fish & seafood,Eel,Eel,,3.8887,,,,,,,,,,
fish & seafood,Bluefish,Bluefish,,3.7337,,,,,,,,,,
fish & seafood,Claresse filet,Claresse filet,,8.0587,,,,,,,,,,
fish & seafood,Codfish,Codfish,,5.1387,,,,,,,,,,
fish & seafood,Perch fillet,Perch fillet,,1.6387,,,,,,,,,,
fish & seafood,Whitefish,Whitefish,,1.6387,,,,,,,,,,
fish & seafood,Flounder,Flounder,,3.8887,,,,,,,,,,
fish & seafood,Halibut,Halibut,,3.8887,,,,,,,,,,
fish & seafood,Cod,Cod,,5.1387,,,,,,,,,,
fish & seafood,Salmon trout,Salmon trout,,4.3387,,,,,,,,,,
fish & seafood,Shellfish,Shellfish,,3.3887,,,,,,,,,,
fish & seafood,Shark catfish,Shark catfish,,18.3987,,,,,,,,,,
fish & seafood,Anchovies,Anchovies,,3.8887,,,,,,,,,,
fish & seafood,Lutjanidae,Lutjanidae,,3.8887,,,,,,,,,,
fish & seafood,Hake,Hake,,3.8887,,,,,,,,,,
fish & seafood,Coalfish,Coalfish,,5.1387,,,,,,,,,,
fish & seafood,Tilapia,Tilapia,,4.1387,,,,,,,,,,
fruits & berries,Dates,Dates,,1.77,,,,,,,,,,
fruits & berries,Figs,Figs,,0.4961,,,,,,,,,,
fruits & berries,Raspberries,Raspberries,,0.4419,,,,,,,,,,
fruits & berries,Kiwi,Kiwi,,0.6362,,,,,,,,,,
fruits & berries,Passion fruit,Passion fruit,,0.7514,,,,,,,,,,
fruits & berries,Melon,Melon,,0.285,,,,,,,,,,
fruits & berries,Nectarine,Nectarine,,0.29,,,,,,,,,,
fruits & berries,Quince,Quince,,0.2713,,,,,,,,,,
fruits & berries,Starfruit,Starfruit,,0.6734,,,,,,,,,,
fruits & berries,Lemons,Lemons,,0.5606,,,,,,,,,,
legumes,Peas,Peas,,0.5537,,,,,,,,,,
legumes,Lentils,Lentils,,1.0098,,,,,,,,,,
legumes,Mung bean,Mung bean,,0.2753,,,,,,,,,,
legumes,Red lentils,Red lentils,,1.0098,,,,,,,,,,
meat,White beans,White beans,,1.0273,,,,,,,,,,
meat,Air-dried meat,Air-dried meat,,72.8717,,,,,,,,,,
meat,Duck,Duck,,3.9133,,,,,,,,,,
meat,Foal,Foal,,11.1705,,,,,,,,,,
meat,Smoked ham,Smoked ham,,11.4719,,,,,,,,,,
meat,Deer meat,Deer meat,,10.9537,,,,,,,,,,
meat,Veal,Veal,,28.2344,,,,,,,,,,
meat,Kangaroo meat,Kangaroo meat,,3.3813,,,,,,,,,,
meat,Rabbit meat,Rabbit meat,,6.6037,,,,,,,,,,
meat,Horse,Horse,,16.8505,,,,,,,,,,
meat,Quorn,Quorn,,2.73,,,,,,,,,,
meat,Prosciutto,Prosciutto,,11.4719,,,,,,,,,,
meat,Salami,Salami,,8.1219,,,,,,,,,,
diary & eggs,Lard,Lard,,6.0519,,,,,,,,,,
meat,Seitan,Seitan,,1.4337,,,,,,,,,,
meat,Ostrich,Ostrich,,10.6501,,,,,,,,,,
meat,Tempeh,Tempeh,,1.4837,,,,,,,,,,
meat,Wild boar,Wild boar,,6.9219,,,,,,,,,,
meat,Goat meat,Goat meat,,10.9389,,,,,,,,,,
nuts & seeds,Chia,Chia,,0.92,,,,,,,,,,
nuts & seeds,Safflower oil,Safflower oil,,2.2713,,,,,,,,,,
nuts & seeds,Peanut oil,Peanut oil,,4.6332,,,,,,,,,,
nuts & seeds,Hazelnut oil,Hazelnut oil,,4.6332,,,,,,,,,,
nuts & seeds,Cocoa butter,Cocoa butter,,1.1879,,,,,,,,,,
nuts & seeds,Cocoa paste,Cocoa paste,,0.7776,,,,,,,,,,
nuts & seeds,Coconut,Coconut,,1.8192,,,,,,,,,,
nuts & seeds,Coconut oil,Coconut oil,,2.7592,,,,,,,,,,
nuts & seeds,Desiccated coconut,Desiccated coconut,,1.6692,,,,,,,,,,
nuts & seeds,Pumpkin seeds,Pumpkin seeds,,1.691,,,,,,,,,,
nuts & seeds,Linseed,Linseed,,1.4157,,,,,,,,,,
nuts & seeds,Almonds,Almonds,,2.1233,,,,,,,,,,
nuts & seeds,Nuts,Nuts,,2.6779,,,,,,,,,,
nuts & seeds,Palm oil,Palm oil,,3.7514,,,,,,,,,,
nuts & seeds,Vegetable fat,Vegetable fat,,3.0137,,,,,,,,,,
nuts & seeds,Pine nuts,Pine nuts,,2.5179,,,,,,,,,,
nuts & seeds,Pistachios,Pistachios,,4.0647,,,,,,,,,,
nuts & seeds,Rapeseed oil,Rapeseed oil,,1.997,,,,,,,,,,
nuts & seeds,Sesame oil,Sesame oil,,3.0194,,,,,,,,,,
nuts & seeds,Soybean oil,Soybean oil,,7.879,,,,,,,,,,
nuts & seeds,Animal fat,Animal fat,,6.8386,,,,,,,,,,
nuts & seeds,Grapeseed oil,Grapeseed oil,,3.0194,,,,,,,,,,
nuts & seeds,Walnut oil,Walnut oil,,5.7862,,,,,,,,,,
spices & condiments,Maple syrup,Maple syrup,,1.1735,,,,,,,,,,
spices & condiments,Anise,Anise,,0.6395,,,,,,,,,,
spices & condiments,Apple cider vinegar,Apple cider vinegar,,2.94,,,,,,,,,,
spices & condiments,Apple pectin,Apple pectin,,3.2795,,,,,,,,,,
spices & condiments,Baking powder,Baking powder,,1.29,,,,,,,,,,
spices & condiments,Balsamic vinegar,Balsamic vinegar,,1.4744,,,,,,,,,,
spices & condiments,Savory,Savory,,0.3181,,,,,,,,,,
spices & condiments,Tabasco,Tabasco,,2.3996,,,,,,,,,,
spices & condiments,Curry,Curry,,0.6453,,,,,,,,,,
spices & condiments,Curry paste,Curry paste,,1.2892,,,,,,,,,,
spices & condiments,"Dill, dried","Dill, dried",,0.2581,,,,,,,,,,
spices & condiments,Fennel seeds,Fennel seeds,,1.0263,,,,,,,,,,
spices & condiments,Galangal,Galangal,,0.5436,,,,,,,,,,
spices & condiments,Shrimp paste,Shrimp paste,,8.8337,,,,,,,,,,
spices & condiments,Gelatin,Gelatin,,2.5737,,,,,,,,,,
spices & condiments,Vegetable stock,Vegetable stock,,2.0505,,,,,,,,,,
spices & condiments,Barley malt extract,Barley malt extract,,0.8185,,,,,,,,,,
spices & condiments,Spices,Spices,,0.6453,,,,,,,,,,
spices & condiments,Raspberry vinegar,Raspberry vinegar,,2.5219,,,,,,,,,,
spices & condiments,Cardamom,Cardamom,,0.6453,,,,,,,,,,
starches & bread,Starch (potato),Starch (potato),,1.5011,,,,,,,,,,
spices & condiments,"Chervil, dried","Chervil, dried",,0.2119,,,,,,,,,,
spices & condiments,"Coriander, dried","Coriander, dried",,0.4115,,,,,,,,,,
spices & condiments,"Herbs, dried","Herbs, dried",,0.6453,,,,,,,,,,
beverages,Herbal tea,Herbal tea,,1.7879,,,,,,,,,,
spices & condiments,Cumin,Cumin,,0.6453,,,,,,,,,,
spices & condiments,Turmeric,Turmeric,,0.6453,,,,,,,,,,
beverages,Lime juice,Lime juice,,1.7038,,,,,,,,,,
spices & condiments,Laurel,Laurel,,0.3181,,,,,,,,,,
spices & condiments,Lovage,Lovage,,0.2119,,,,,,,,,,
spices & condiments,Marjoram,Marjoram,,0.3181,,,,,,,,,,
spices & condiments,Molasses,Molasses,,1.1735,,,,,,,,,,
spices & condiments,"Mint, dried","Mint, dried",,0.3181,,,,,,,,,,
spices & condiments,Nutmeg,Nutmeg,,2.4461,,,,,,,,,,
spices & condiments,Cloves,Cloves,,0.2646,,,,,,,,,,
spices & condiments,"Oregano, dried","Oregano, dried",,0.2881,,,,,,,,,,
spices & condiments,Paprika (powder),Paprika (powder),,4.2141,,,,,,,,,,
spices & condiments,"Parsley, dried","Parsley, dried",,0.2581,,,,,,,,,,
spices & condiments,Rice vinegar,Rice vinegar,,3.5337,,,,,,,,,,
spices & condiments,"Rosemary, dried","Rosemary, dried",,0.31,,,,,,,,,,
spices & condiments,Saffron,Saffron,,0.685,,,,,,,,,,
spices & condiments,"Sage, dried","Sage, dried",,0.3981,,,,,,,,,,
spices & condiments,Salt,Salt,,0.32,,,,,,,,,,
spices & condiments,Sambal oelek,Sambal oelek,,1.0537,,,,,,,,,,
spices & condiments,"Chives, dried","Chives, dried",,0.3787,,,,,,,,,,
spices & condiments,Mustard seeds,Mustard seeds,,4.7844,,,,,,,,,,
spices & condiments,Sherry vinegar,Sherry vinegar,,2.9684,,,,,,,,,,
spices & condiments,Starch (corn),Starch (corn),,1.2062,,,,,,,,,,
spices & condiments,Star anise,Star anise,,0.6395,,,,,,,,,,
spices & condiments,Sweet paprika,Sweet paprika,,0.6453,,,,,,,,,,
spices & condiments,Licorice,Licorice,,0.6453,,,,,,,,,,
spices & condiments,Tamarind,Tamarind,,1.77,,,,,,,,,,
spices & condiments,"Thyme, dried","Thyme, dried",,0.31,,,,,,,,,,
spices & condiments,Dextrose,Dextrose,,4.7602,,,,,,,,,,
spices & condiments,Vanilla beans,Vanilla beans,,13.9128,,,,,,,,,,
spices & condiments,Juniper berries,Juniper berries,,0.4619,,,,,,,,,,
Confectionary,Chocolate (white),Chocolate (white),,4.2772,,,,,,,,,,
starches & bread,Starch (wheat),Starch (wheat),,0.8535,,,,,,,,,,
beverages,Vermouth,Vermouth,,2.9044,,,,,,,,,,
spices & condiments,Cinnamon,Cinnamon,,0.6425,,,,,,,,,,
spices & condiments,Lemon balm,Lemon balm,,0.3181,,,,,,,,,,
spices & condiments,Lemon juice,Lemon juice,,1.7018,,,,,,,,,,
starches & bread,Amaranth,Amaranth,,0.3695,,,,,,,,,,
starches & bread,Basmati rice,Basmati rice,,3.0337,,,,,,,,,,
starches & bread,Puff pastry (vegetable fats),Puff pastry (vegetable fats),,1.0885,,,,,,,,,,
starches & bread,Buckwheat,Buckwheat,,0.8435,,,,,,,,,,
starches & bread,Buckwheat flour,Buckwheat flour,,0.7835,,,,,,,,,,
starches & bread,Couscous,Couscous,,0.7835,,,,,,,,,,
starches & bread,Spelled flour,Spelled flour,,0.8735,,,,,,,,,,
starches & bread,Spelled wholemeal,Spelled wholemeal,,0.3334,,,,,,,,,,
vegetables & mushrooms,Early potatoes,Early potatoes,,0.3643,,,,,,,,,,
starches & bread,Glass noodles,Glass noodles,,0.7662,,,,,,,,,,
starches & bread,Gluten (wheat),Gluten (wheat),,2.2435,,,,,,,,,,
starches & bread,Gnocchi (potato),Gnocchi (potato),,0.6945,,,,,,,,,,
starches & bread,Gold millet,Gold millet,,0.6234,,,,,,,,,,
starches & bread,Green spelt wholemeal,Green spelt wholemeal,,0.8735,,,,,,,,,,
starches & bread,Oats,Oats,,0.9856,,,,,,,,,,
starches & bread,Millet,Millet,,0.6136,,,,,,,,,,
vegetables & mushrooms,Potatoes,Potatoes,,0.1443,,,,,,,,,,
starches & bread,Lye roll,Lye roll,,0.9435,,,,,,,,,,
starches & bread,Soft pretzel,Soft pretzel,,0.8335,,,,,,,,,,
starches & bread,Lentil flour,Lentil flour,,1.0098,,,,,,,,,,
starches & bread,Manioc,Manioc,,0.3507,,,,,,,,,,
starches & bread,Multigrain flour,Multigrain flour,,0.6826,,,,,,,,,,
starches & bread,Quinoa,Quinoa,,1.2764,,,,,,,,,,
starches & bread,Rice,Rice,,3.0337,,,,,,,,,,
starches & bread,Risotto rice,Risotto rice,,3.0337,,,,,,,,,,
starches & bread,Rye flour,Rye flour,,0.9074,,,,,,,,,,
starches & bread,Wholemeal,Wholemeal,,0.5535,,,,,,,,,,
starches & bread,Soy flour,Soy flour,,2.9153,,,,,,,,,,
starches & bread,Spaghetti,Spaghetti,,0.9835,,,,,,,,,,
vegetables & mushrooms,Sweet potato,Sweet potato,,0.1693,,,,,,,,,,
starches & bread,Whole-grain,Whole-grain,,0.5535,,,,,,,,,,
starches & bread,Whole-grain bread,Whole-grain bread,,0.9435,,,,,,,,,,
starches & bread,Wholemeal flour,Wholemeal flour,,0.7835,,,,,,,,,,
starches & bread,White flour,White flour,,0.7835,,,,,,,,,,
spices & condiments,Seaweed,Seaweed,,0.8987,,,,,,,,,,
vegetables & mushrooms,Nettles,Nettles,,0.1719,,,,,,,,,,
vegetables & mushrooms,Watercress,Watercress,,0.3181,,,,,,,,,,
vegetables & mushrooms,Butternut,Butternut,,0.0862,,,,,,,,,,
vegetables & mushrooms,Chicory,Chicory,,0.2118,,,,,,,,,,
vegetables & mushrooms,Chinese cabbage,Chinese cabbage,,0.2988,,,,,,,,,,
vegetables & mushrooms,Red oak leaf salad,Red oak leaf salad,,0.2718,,,,,,,,,,
vegetables & mushrooms,Pickles,Pickles,,0.6059,,,,,,,,,,
vegetables & mushrooms,Endive,Endive,,0.2718,,,,,,,,,,
vegetables & mushrooms,Vegetables,Vegetables,,0.349,,,,,,,,,,
vegetables & mushrooms,Pumpkin,Pumpkin,,0.0862,,,,,,,,,,
vegetables & mushrooms,Leek,Leek,,0.4122,,,,,,,,,,
vegetables & mushrooms,Chard,Chard,,0.2163,,,,,,,,,,
vegetables & mushrooms,Horseradish,Horseradish,,0.3563,,,,,,,,,,
vegetables & mushrooms,Wood-ear fungus,Wood-ear fungus,,1.6973,,,,,,,,,,
vegetables & mushrooms,Pak choi,Pak choi,,0.2988,,,,,,,,,,
vegetables & mushrooms,Parsnips,Parsnips,,0.177,,,,,,,,,,
vegetables & mushrooms,Peperoncini,Peperoncini,,0.5665,,,,,,,,,,
vegetables & mushrooms,Paprika,Paprika,,0.5941,,,,,,,,,,
vegetables & mushrooms,Chanterelles,Chanterelles,,0.5473,,,,,,,,,,
vegetables & mushrooms,Portulaca,Portulaca,,0.2719,,,,,,,,,,
vegetables & mushrooms,"Radicchio, chicory","Radicchio, chicory",,0.3518,,,,,,,,,,
vegetables & mushrooms,Romanesco,Romanesco,,0.3865,,,,,,,,,,
vegetables & mushrooms,Arugula,Arugula,,0.3518,,,,,,,,,,
vegetables & mushrooms,Sauerkraut,Sauerkraut,,0.5759,,,,,,,,,,
vegetables & mushrooms,Shallot,Shallot,,0.3719,,,,,,,,,,
vegetables & mushrooms,Salsify,Salsify,,0.177,,,,,,,,,,
vegetables & mushrooms,Truffle,Truffle,,1.0473,,,,,,,,,,
vegetables & mushrooms,Wild mushrooms,Wild mushrooms,,0.3673,,,,,,,,,,
vegetables & mushrooms,Courgette (zucchini),Courgette (zucchini),,0.2248,,,,,,,,,,